trial,model,preprocessing,best_cv_accuracy,best_params,runtime_seconds
trial_1,knn_1,raw,0.9219999999999999,{},2.536841599998297
trial_1,knn_1,minmax,0.9219999999999999,{},0.177981799999543
trial_1,knn_1,pca_50,0.8885,{},0.4801073999988148
trial_1,knn_1,pca_100,0.8835000000000001,{},0.6574709999986226
trial_1,knn_1,pca_150,0.8734999999999999,{},0.9096792000018468
trial_1,knn_1,zscore,0.8634999999999999,{},0.24929640000118525
