digit,precision,recall,f1,support
0,0.9323671497584541,0.965,0.9484029484029484,200
1,0.9798994974874372,0.975,0.9774436090225563,200
2,0.9158415841584159,0.925,0.9203980099502488,200
3,0.9,0.9,0.9,200
4,0.8818181818181818,0.97,0.9238095238095239,200
5,0.9217877094972067,0.825,0.8707124010554089,200
6,0.9947089947089947,0.94,0.9665809768637532,200
7,0.9113300492610837,0.925,0.9181141439205955,200
8,0.8840579710144928,0.915,0.8992628992628993,200
9,0.9072164948453608,0.88,0.8934010152284264,200
