digit,precision,recall,f1,support
0,0.9146919431279621,0.965,0.9391727493917275,200
1,0.9414634146341463,0.965,0.9530864197530864,200
2,0.8814432989690721,0.855,0.868020304568528,200
3,0.8669950738916257,0.88,0.8734491315136477,200
4,0.8798076923076923,0.915,0.8970588235294118,200
5,0.8841463414634146,0.725,0.7967032967032966,200
6,0.9432989690721649,0.915,0.9289340101522843,200
7,0.91,0.91,0.91,200
8,0.839622641509434,0.89,0.8640776699029126,200
9,0.84688995215311,0.885,0.8655256723716381,200
