digit,precision,recall,f1,support
0,0.96,0.96,0.96,200
1,0.8733624454148472,1.0,0.9324009324009324,200
2,0.9944444444444445,0.895,0.9421052631578948,200
3,0.8952380952380953,0.94,0.9170731707317074,200
4,0.893719806763285,0.925,0.9090909090909091,200
5,0.9202127659574468,0.865,0.8917525773195877,200
6,0.9423076923076923,0.98,0.9607843137254902,200
7,0.9004739336492891,0.95,0.9245742092457421,200
8,0.936046511627907,0.805,0.8655913978494624,200
9,0.8871794871794871,0.865,0.8759493670886076,200
